time,Freq
0,0.05
0.57119866,0.042222222
1.14239733,0.022222222
1.71359599,0.032777778
2.28479466,0.017777778
2.85599332,0.02
3.42719199,0.029444444
3.99839065,0.021666667
4.56958931,0.035
5.14078798,0.036111111
5.71198664,0.022222222
6.28318531,0.017222222