time,Freq
0,0.112222222
0.57119866,0.178888889
1.14239733,0.178888889
1.71359599,0.171666667
2.28479466,0.018333333
2.85599332,0.002222222
3.42719199,0.005555556
3.99839065,0.002222222
4.56958931,0.028333333
5.14078798,0.081111111
5.71198664,0.051111111
6.28318531,0.046111111