time,Freq
0,0
0.57119866,0
1.14239733,0
1.71359599,0
2.28479466,0
2.85599332,0
3.42719199,0.000555556
3.99839065,0.004444444
4.56958931,0.024444444
5.14078798,0.040555556
5.71198664,0.056111111
6.28318531,0.077777778