time,Freq
0,0.138888889
0.57119866,0.46
1.14239733,0.245
1.71359599,0.478333333
2.28479466,0.071666667
2.85599332,0.022777778
3.42719199,0.017222222
3.99839065,0.026666667
4.56958931,0.026666667
5.14078798,0.098333333
5.71198664,0.088333333
6.28318531,0.178888889