time,Freq
0,27
0.571198664,5
1.142397329,31
1.713595993,6
2.284794657,9
2.855993321,19
3.427191986,5
3.99839065,12
4.569589314,71
5.140787979,80
5.711986643,78
6.283185307,173