time,Freq
0,250
0.57119866,828
1.14239733,441
1.71359599,861
2.28479466,129
2.85599332,41
3.42719199,31
3.99839065,48
4.56958931,104
5.14078798,177
5.71198664,159
6.28318531,322