time,Freq
0,0.017777778
0.57119866,0.016111111
1.14239733,0.031666667
1.71359599,0.012777778
2.28479466,0.016111111
2.85599332,0.022222222
3.42719199,0.012222222
3.99839065,0.022777778
4.56958931,0.035555556
5.14078798,0.036111111
5.71198664,0.039444444
6.28318531,0.048888889