time,Freq
0,202
0.57119866,322
1.14239733,322
1.71359599,309
2.28479466,33
2.85599332,4
3.42719199,10
3.99839065,4
4.56958931,51
5.14078798,146
5.71198664,92
6.28318531,83