time,Freq
0,0.005555556
0.57119866,0.001111111
1.14239733,0.001111111
1.71359599,0
2.28479466,0.002222222
2.85599332,0.004444444
3.42719199,0.001666667
3.99839065,0.000555556
4.56958931,0.005
5.14078798,0.001666667
5.71198664,0.001666667
6.28318531,0.02