time,Freq
0,32
0.57119866,29
1.14239733,57
1.71359599,23
2.28479466,29
2.85599332,40
3.42719199,22
3.99839065,41
4.56958931,64
5.14078798,65
5.71198664,71
6.28318531,88