time,Freq
0,0
0.57119866,0
1.14239733,0
1.71359599,0
2.28479466,0
2.85599332,0
3.42719199,1
3.99839065,8
4.56958931,44
5.14078798,73
5.71198664,101
6.28318531,140