time,Freq
0,90
0.57119866,76
1.14239733,40
1.71359599,59
2.28479466,32
2.85599332,36
3.42719199,53
3.99839065,39
4.56958931,63
5.14078798,65
5.71198664,40
6.28318531,31