time,Freq
0,10
0.57119866,2
1.14239733,6
1.71359599,0
2.28479466,4
2.85599332,8
3.42719199,3
3.99839065,1
4.56958931,9
5.14078798,3
5.71198664,11
6.28318531,36