time,Freq
0,197
0.57119866,135
1.14239733,107
1.71359599,132
2.28479466,19
2.85599332,0
3.42719199,9
3.99839065,23
4.56958931,63
5.14078798,80
5.71198664,56
6.28318531,18