time,Freq
0,0.109444444
0.57119866,0.075
1.14239733,0.059444444
1.71359599,0.073333333
2.28479466,0.010555556
2.85599332,0
3.42719199,0.005
3.99839065,0.012777778
4.56958931,0.035
5.14078798,0.044444444
5.71198664,0.031111111
6.28318531,0.01